clase,precision,recall,f1_score,support
LUCES_ON,0.9876160990712074,0.9906832298136646,0.9891472868217054,322.0
LUCES_OFF,0.99375,0.9875776397515528,0.9906542056074766,322.0
AIRE_ON,0.9907120743034056,0.9937888198757764,0.9922480620155039,322.0
AIRE_OFF,0.9968944099378882,0.9968944099378882,0.9968944099378882,322.0
BOMBA_REGAR,0.9846625766871165,0.9968944099378882,0.9907407407407407,322.0
RUIDO_FONDO,0.98989898989899,0.9767441860465116,0.9832775919732442,301.0
macro avg,0.9905890249831013,0.9904304492272136,0.9904937161827597,1911.0
weighted avg,0.9905966077862233,0.9905808477237049,0.9905730142509961,1911.0
